store_nbr,family,date,sales
1,GROCERY,2023-01-01,89
1,GROCERY,2023-01-02,499
1,GROCERY,2023-01-03,685
1,GROCERY,2023-01-04,440
1,GROCERY,2023-01-05,131
1,GROCERY,2023-01-06,829
1,GROCERY,2023-01-07,211
1,GROCERY,2023-01-08,775
1,GROCERY,2023-01-09,600
1,GROCERY,2023-01-10,426
1,GROCERY,2023-01-11,925
1,GROCERY,2023-01-12,146
1,GROCERY,2023-01-13,57
1,GROCERY,2023-01-14,203
1,GROCERY,2023-01-15,868
1,GROCERY,2023-01-16,895
1,GROCERY,2023-01-17,743
1,GROCERY,2023-01-18,88
1,GROCERY,2023-01-19,878
1,GROCERY,2023-01-20,951
1,GROCERY,2023-01-21,312
1,GROCERY,2023-01-22,137
1,GROCERY,2023-01-23,770
1,GROCERY,2023-01-24,845
1,GROCERY,2023-01-25,887
1,GROCERY,2023-01-26,246
1,GROCERY,2023-01-27,57
1,GROCERY,2023-01-28,394
1,GROCERY,2023-01-29,957
1,GROCERY,2023-01-30,240
1,GROCERY,2023-01-31,308
1,GROCERY,2023-02-01,644
1,GROCERY,2023-02-02,830
1,GROCERY,2023-02-03,194
1,GROCERY,2023-02-04,426
1,GROCERY,2023-02-05,227
1,GROCERY,2023-02-06,616
1,GROCERY,2023-02-07,57
1,GROCERY,2023-02-08,256
1,GROCERY,2023-02-09,303
1,GROCERY,2023-02-10,176
1,GROCERY,2023-02-11,477
1,GROCERY,2023-02-12,298
1,GROCERY,2023-02-13,956
1,GROCERY,2023-02-14,110
1,GROCERY,2023-02-15,719
1,GROCERY,2023-02-16,969
1,GROCERY,2023-02-17,670
1,GROCERY,2023-02-18,108
1,GROCERY,2023-02-19,53
1,GROCERY,2023-02-20,759
1,GROCERY,2023-02-21,406
1,GROCERY,2023-02-22,621
1,GROCERY,2023-02-23,49
1,GROCERY,2023-02-24,109
1,GROCERY,2023-02-25,965
1,GROCERY,2023-02-26,827
1,GROCERY,2023-02-27,769
1,GROCERY,2023-02-28,910
1,GROCERY,2023-03-01,156
1,GROCERY,2023-03-02,688
1,GROCERY,2023-03-03,736
1,GROCERY,2023-03-04,12
1,GROCERY,2023-03-05,37
1,GROCERY,2023-03-06,720
1,GROCERY,2023-03-07,385
1,GROCERY,2023-03-08,19
1,GROCERY,2023-03-09,226
1,GROCERY,2023-03-10,682
1,GROCERY,2023-03-11,229
1,GROCERY,2023-03-12,20
1,GROCERY,2023-03-13,573
1,GROCERY,2023-03-14,3
1,GROCERY,2023-03-15,155
1,GROCERY,2023-03-16,222
1,GROCERY,2023-03-17,27
1,GROCERY,2023-03-18,224
1,GROCERY,2023-03-19,671
1,GROCERY,2023-03-20,489
1,GROCERY,2023-03-21,462
1,GROCERY,2023-03-22,216
1,GROCERY,2023-03-23,942
1,GROCERY,2023-03-24,40
1,GROCERY,2023-03-25,741
1,GROCERY,2023-03-26,159
1,GROCERY,2023-03-27,665
1,GROCERY,2023-03-28,799
1,GROCERY,2023-03-29,633
1,GROCERY,2023-03-30,239
1,GROCERY,2023-03-31,272
1,GROCERY,2023-04-01,395
1,GROCERY,2023-04-02,937
1,GROCERY,2023-04-03,811
1,GROCERY,2023-04-04,288
1,GROCERY,2023-04-05,984
1,GROCERY,2023-04-06,131
1,GROCERY,2023-04-07,125
1,GROCERY,2023-04-08,901
1,GROCERY,2023-04-09,576
1,GROCERY,2023-04-10,749
1,GROCERY,2023-04-11,38
1,GROCERY,2023-04-12,575
1,GROCERY,2023-04-13,279
1,GROCERY,2023-04-14,515
1,GROCERY,2023-04-15,272
1,GROCERY,2023-04-16,674
1,GROCERY,2023-04-17,190
1,GROCERY,2023-04-18,205
1,GROCERY,2023-04-19,241
1,GROCERY,2023-04-20,137
1,GROCERY,2023-04-21,28
1,GROCERY,2023-04-22,508
1,GROCERY,2023-04-23,263
1,GROCERY,2023-04-24,736
1,GROCERY,2023-04-25,537
1,GROCERY,2023-04-26,844
1,GROCERY,2023-04-27,85
1,GROCERY,2023-04-28,316
1,GROCERY,2023-04-29,681
1,GROCERY,2023-04-30,774
1,GROCERY,2023-05-01,302
1,GROCERY,2023-05-02,633
1,GROCERY,2023-05-03,426
1,GROCERY,2023-05-04,636
1,GROCERY,2023-05-05,710
1,GROCERY,2023-05-06,112
1,GROCERY,2023-05-07,308
1,GROCERY,2023-05-08,847
1,GROCERY,2023-05-09,340
1,GROCERY,2023-05-10,885
1,GROCERY,2023-05-11,334
1,GROCERY,2023-05-12,892
1,GROCERY,2023-05-13,44
1,GROCERY,2023-05-14,448
1,GROCERY,2023-05-15,473
1,GROCERY,2023-05-16,33
1,GROCERY,2023-05-17,972
1,GROCERY,2023-05-18,622
1,GROCERY,2023-05-19,670
1,GROCERY,2023-05-20,897
1,GROCERY,2023-05-21,645
1,GROCERY,2023-05-22,803
1,GROCERY,2023-05-23,397
1,GROCERY,2023-05-24,544
1,GROCERY,2023-05-25,221
1,GROCERY,2023-05-26,968
1,GROCERY,2023-05-27,590
1,GROCERY,2023-05-28,209
1,GROCERY,2023-05-29,906
1,GROCERY,2023-05-30,533
1,GROCERY,2023-05-31,927
1,GROCERY,2023-06-01,478
1,GROCERY,2023-06-02,572
1,GROCERY,2023-06-03,373
1,GROCERY,2023-06-04,229
1,GROCERY,2023-06-05,999
1,GROCERY,2023-06-06,988
1,GROCERY,2023-06-07,300
1,GROCERY,2023-06-08,423
1,GROCERY,2023-06-09,735
1,GROCERY,2023-06-10,802
1,GROCERY,2023-06-11,369
1,GROCERY,2023-06-12,543
1,GROCERY,2023-06-13,345
1,GROCERY,2023-06-14,517
1,GROCERY,2023-06-15,35
1,GROCERY,2023-06-16,756
1,GROCERY,2023-06-17,609
1,GROCERY,2023-06-18,155
1,GROCERY,2023-06-19,15
1,GROCERY,2023-06-20,508
1,GROCERY,2023-06-21,433
1,GROCERY,2023-06-22,309
1,GROCERY,2023-06-23,521
1,GROCERY,2023-06-24,48
1,GROCERY,2023-06-25,755
1,GROCERY,2023-06-26,796
1,GROCERY,2023-06-27,914
1,GROCERY,2023-06-28,801
1,GROCERY,2023-06-29,431
1,GROCERY,2023-06-30,167
1,GROCERY,2023-07-01,37
1,GROCERY,2023-07-02,932
1,GROCERY,2023-07-03,564
1,GROCERY,2023-07-04,655
1,GROCERY,2023-07-05,184
1,GROCERY,2023-07-06,53
1,GROCERY,2023-07-07,602
1,GROCERY,2023-07-08,662
1,GROCERY,2023-07-09,238
1,GROCERY,2023-07-10,951
1,GROCERY,2023-07-11,230
1,GROCERY,2023-07-12,689
1,GROCERY,2023-07-13,635
1,GROCERY,2023-07-14,960
1,GROCERY,2023-07-15,792
1,GROCERY,2023-07-16,427
1,GROCERY,2023-07-17,858
1,GROCERY,2023-07-18,785
1,GROCERY,2023-07-19,211
1,GROCERY,2023-07-20,272
1,GROCERY,2023-07-21,584
1,GROCERY,2023-07-22,459
1,GROCERY,2023-07-23,550
1,GROCERY,2023-07-24,694
1,GROCERY,2023-07-25,925
1,GROCERY,2023-07-26,493
1,GROCERY,2023-07-27,937
1,GROCERY,2023-07-28,624
1,GROCERY,2023-07-29,885
1,GROCERY,2023-07-30,686
1,GROCERY,2023-07-31,121
1,GROCERY,2023-08-01,380
1,GROCERY,2023-08-02,807
1,GROCERY,2023-08-03,972
1,GROCERY,2023-08-04,142
1,GROCERY,2023-08-05,493
1,GROCERY,2023-08-06,973
1,GROCERY,2023-08-07,703
1,GROCERY,2023-08-08,636
1,GROCERY,2023-08-09,589
1,GROCERY,2023-08-10,766
1,GROCERY,2023-08-11,129
1,GROCERY,2023-08-12,272
1,GROCERY,2023-08-13,156
1,GROCERY,2023-08-14,716
1,GROCERY,2023-08-15,765
1,GROCERY,2023-08-16,510
1,GROCERY,2023-08-17,994
1,GROCERY,2023-08-18,605
1,GROCERY,2023-08-19,491
1,GROCERY,2023-08-20,424
1,GROCERY,2023-08-21,588
1,GROCERY,2023-08-22,265
1,GROCERY,2023-08-23,703
1,GROCERY,2023-08-24,56
1,GROCERY,2023-08-25,75
1,GROCERY,2023-08-26,457
1,GROCERY,2023-08-27,21
1,GROCERY,2023-08-28,253
1,GROCERY,2023-08-29,291
1,GROCERY,2023-08-30,405
1,GROCERY,2023-08-31,952
1,GROCERY,2023-09-01,562
1,GROCERY,2023-09-02,819
1,GROCERY,2023-09-03,778
1,GROCERY,2023-09-04,520
1,GROCERY,2023-09-05,85
1,GROCERY,2023-09-06,737
1,GROCERY,2023-09-07,238
1,GROCERY,2023-09-08,385
1,GROCERY,2023-09-09,993
1,GROCERY,2023-09-10,552
1,GROCERY,2023-09-11,892
1,GROCERY,2023-09-12,427
1,GROCERY,2023-09-13,228
1,GROCERY,2023-09-14,495
1,GROCERY,2023-09-15,177
1,GROCERY,2023-09-16,795
1,GROCERY,2023-09-17,762
1,GROCERY,2023-09-18,999
1,GROCERY,2023-09-19,315
1,GROCERY,2023-09-20,919
1,GROCERY,2023-09-21,876
1,GROCERY,2023-09-22,661
1,GROCERY,2023-09-23,310
1,GROCERY,2023-09-24,159
1,GROCERY,2023-09-25,325
1,GROCERY,2023-09-26,296
1,GROCERY,2023-09-27,846
1,GROCERY,2023-09-28,238
1,GROCERY,2023-09-29,82
1,GROCERY,2023-09-30,502
1,GROCERY,2023-10-01,504
1,GROCERY,2023-10-02,472
1,GROCERY,2023-10-03,732
1,GROCERY,2023-10-04,900
1,GROCERY,2023-10-05,212
1,GROCERY,2023-10-06,59
1,GROCERY,2023-10-07,155
1,GROCERY,2023-10-08,426
1,GROCERY,2023-10-09,127
1,GROCERY,2023-10-10,605
1,GROCERY,2023-10-11,586
1,GROCERY,2023-10-12,135
1,GROCERY,2023-10-13,514
1,GROCERY,2023-10-14,414
1,GROCERY,2023-10-15,397
1,GROCERY,2023-10-16,441
1,GROCERY,2023-10-17,72
1,GROCERY,2023-10-18,619
1,GROCERY,2023-10-19,807
1,GROCERY,2023-10-20,443
1,GROCERY,2023-10-21,233
1,GROCERY,2023-10-22,574
1,GROCERY,2023-10-23,237
1,GROCERY,2023-10-24,873
1,GROCERY,2023-10-25,298
1,GROCERY,2023-10-26,220
1,GROCERY,2023-10-27,99
1,GROCERY,2023-10-28,566
1,GROCERY,2023-10-29,592
1,GROCERY,2023-10-30,61
1,GROCERY,2023-10-31,191
1,GROCERY,2023-11-01,1
1,GROCERY,2023-11-02,896
1,GROCERY,2023-11-03,379
1,GROCERY,2023-11-04,639
1,GROCERY,2023-11-05,880
1,GROCERY,2023-11-06,171
1,GROCERY,2023-11-07,895
1,GROCERY,2023-11-08,439
1,GROCERY,2023-11-09,935
1,GROCERY,2023-11-10,594
1,GROCERY,2023-11-11,94
1,GROCERY,2023-11-12,814
1,GROCERY,2023-11-13,350
1,GROCERY,2023-11-14,833
1,GROCERY,2023-11-15,11
1,GROCERY,2023-11-16,283
1,GROCERY,2023-11-17,77
1,GROCERY,2023-11-18,580
1,GROCERY,2023-11-19,835
1,GROCERY,2023-11-20,570
1,GROCERY,2023-11-21,929
1,GROCERY,2023-11-22,979
1,GROCERY,2023-11-23,17
1,GROCERY,2023-11-24,997
1,GROCERY,2023-11-25,8
1,GROCERY,2023-11-26,245
1,GROCERY,2023-11-27,952
1,GROCERY,2023-11-28,491
1,GROCERY,2023-11-29,673
1,GROCERY,2023-11-30,531
1,GROCERY,2023-12-01,684
1,GROCERY,2023-12-02,155
1,GROCERY,2023-12-03,738
1,GROCERY,2023-12-04,66
1,GROCERY,2023-12-05,109
1,GROCERY,2023-12-06,583
1,GROCERY,2023-12-07,244
1,GROCERY,2023-12-08,976
1,GROCERY,2023-12-09,140
1,GROCERY,2023-12-10,268
1,GROCERY,2023-12-11,85
1,GROCERY,2023-12-12,57
1,GROCERY,2023-12-13,370
1,GROCERY,2023-12-14,711
1,GROCERY,2023-12-15,959
1,GROCERY,2023-12-16,396
1,GROCERY,2023-12-17,702
1,GROCERY,2023-12-18,252
1,GROCERY,2023-12-19,537
1,GROCERY,2023-12-20,97
1,GROCERY,2023-12-21,279
1,GROCERY,2023-12-22,949
1,GROCERY,2023-12-23,490
1,GROCERY,2023-12-24,267
1,GROCERY,2023-12-25,410
1,GROCERY,2023-12-26,866
1,GROCERY,2023-12-27,795
1,GROCERY,2023-12-28,603
1,GROCERY,2023-12-29,362
1,GROCERY,2023-12-30,102
1,GROCERY,2023-12-31,477
1,GROCERY,2024-01-01,824
1,GROCERY,2024-01-02,597
1,GROCERY,2024-01-03,563
1,GROCERY,2024-01-04,496
1,GROCERY,2024-01-05,456
1,GROCERY,2024-01-06,741
1,GROCERY,2024-01-07,671
1,GROCERY,2024-01-08,342
1,GROCERY,2024-01-09,462
1,GROCERY,2024-01-10,670
1,GROCERY,2024-01-11,468
1,GROCERY,2024-01-12,428
1,GROCERY,2024-01-13,711
1,GROCERY,2024-01-14,661
1,GROCERY,2024-01-15,945
1,GROCERY,2024-01-16,321
1,GROCERY,2024-01-17,127
1,GROCERY,2024-01-18,216
1,GROCERY,2024-01-19,655
1,GROCERY,2024-01-20,180
1,GROCERY,2024-01-21,987
1,GROCERY,2024-01-22,139
1,GROCERY,2024-01-23,839
1,GROCERY,2024-01-24,599
1,GROCERY,2024-01-25,8
1,GROCERY,2024-01-26,979
1,GROCERY,2024-01-27,642
1,GROCERY,2024-01-28,586
1,GROCERY,2024-01-29,771
1,GROCERY,2024-01-30,731
1,GROCERY,2024-01-31,679
1,GROCERY,2024-02-01,141
1,GROCERY,2024-02-02,831
1,GROCERY,2024-02-03,437
1,GROCERY,2024-02-04,120
1,BEVERAGES,2023-01-01,256
1,BEVERAGES,2023-01-02,486
1,BEVERAGES,2023-01-03,238
1,BEVERAGES,2023-01-04,289
1,BEVERAGES,2023-01-05,88
1,BEVERAGES,2023-01-06,29
1,BEVERAGES,2023-01-07,129
1,BEVERAGES,2023-01-08,501
1,BEVERAGES,2023-01-09,405
1,BEVERAGES,2023-01-10,175
1,BEVERAGES,2023-01-11,43
1,BEVERAGES,2023-01-12,332
1,BEVERAGES,2023-01-13,576
1,BEVERAGES,2023-01-14,485
1,BEVERAGES,2023-01-15,654
1,BEVERAGES,2023-01-16,135
1,BEVERAGES,2023-01-17,566
1,BEVERAGES,2023-01-18,737
1,BEVERAGES,2023-01-19,2
1,BEVERAGES,2023-01-20,311
1,BEVERAGES,2023-01-21,765
1,BEVERAGES,2023-01-22,881
1,BEVERAGES,2023-01-23,833
1,BEVERAGES,2023-01-24,825
1,BEVERAGES,2023-01-25,117
1,BEVERAGES,2023-01-26,353
1,BEVERAGES,2023-01-27,171
1,BEVERAGES,2023-01-28,787
1,BEVERAGES,2023-01-29,816
1,BEVERAGES,2023-01-30,638
1,BEVERAGES,2023-01-31,455
1,BEVERAGES,2023-02-01,826
1,BEVERAGES,2023-02-02,820
1,BEVERAGES,2023-02-03,515
1,BEVERAGES,2023-02-04,674
1,BEVERAGES,2023-02-05,659
1,BEVERAGES,2023-02-06,705
1,BEVERAGES,2023-02-07,850
1,BEVERAGES,2023-02-08,843
1,BEVERAGES,2023-02-09,149
1,BEVERAGES,2023-02-10,644
1,BEVERAGES,2023-02-11,805
1,BEVERAGES,2023-02-12,806
1,BEVERAGES,2023-02-13,133
1,BEVERAGES,2023-02-14,243
1,BEVERAGES,2023-02-15,671
1,BEVERAGES,2023-02-16,341
1,BEVERAGES,2023-02-17,612
1,BEVERAGES,2023-02-18,845
1,BEVERAGES,2023-02-19,229
1,BEVERAGES,2023-02-20,783
1,BEVERAGES,2023-02-21,412
1,BEVERAGES,2023-02-22,245
1,BEVERAGES,2023-02-23,539
1,BEVERAGES,2023-02-24,526
1,BEVERAGES,2023-02-25,878
1,BEVERAGES,2023-02-26,860
1,BEVERAGES,2023-02-27,819
1,BEVERAGES,2023-02-28,819
1,BEVERAGES,2023-03-01,510
1,BEVERAGES,2023-03-02,964
1,BEVERAGES,2023-03-03,907
1,BEVERAGES,2023-03-04,368
1,BEVERAGES,2023-03-05,890
1,BEVERAGES,2023-03-06,386
1,BEVERAGES,2023-03-07,366
1,BEVERAGES,2023-03-08,896
1,BEVERAGES,2023-03-09,929
1,BEVERAGES,2023-03-10,750
1,BEVERAGES,2023-03-11,338
1,BEVERAGES,2023-03-12,600
1,BEVERAGES,2023-03-13,876
1,BEVERAGES,2023-03-14,880
1,BEVERAGES,2023-03-15,302
1,BEVERAGES,2023-03-16,942
1,BEVERAGES,2023-03-17,382
1,BEVERAGES,2023-03-18,602
1,BEVERAGES,2023-03-19,667
1,BEVERAGES,2023-03-20,566
1,BEVERAGES,2023-03-21,195
1,BEVERAGES,2023-03-22,45
1,BEVERAGES,2023-03-23,182
1,BEVERAGES,2023-03-24,910
1,BEVERAGES,2023-03-25,994
1,BEVERAGES,2023-03-26,585
1,BEVERAGES,2023-03-27,207
1,BEVERAGES,2023-03-28,695
1,BEVERAGES,2023-03-29,691
1,BEVERAGES,2023-03-30,956
1,BEVERAGES,2023-03-31,870
1,BEVERAGES,2023-04-01,352
1,BEVERAGES,2023-04-02,14
1,BEVERAGES,2023-04-03,246
1,BEVERAGES,2023-04-04,463
1,BEVERAGES,2023-04-05,932
1,BEVERAGES,2023-04-06,242
1,BEVERAGES,2023-04-07,355
1,BEVERAGES,2023-04-08,438
1,BEVERAGES,2023-04-09,163
1,BEVERAGES,2023-04-10,840
1,BEVERAGES,2023-04-11,972
1,BEVERAGES,2023-04-12,147
1,BEVERAGES,2023-04-13,554
1,BEVERAGES,2023-04-14,526
1,BEVERAGES,2023-04-15,489
1,BEVERAGES,2023-04-16,578
1,BEVERAGES,2023-04-17,230
1,BEVERAGES,2023-04-18,609
1,BEVERAGES,2023-04-19,826
1,BEVERAGES,2023-04-20,49
1,BEVERAGES,2023-04-21,471
1,BEVERAGES,2023-04-22,886
1,BEVERAGES,2023-04-23,994
1,BEVERAGES,2023-04-24,858
1,BEVERAGES,2023-04-25,531
1,BEVERAGES,2023-04-26,222
1,BEVERAGES,2023-04-27,852
1,BEVERAGES,2023-04-28,95
1,BEVERAGES,2023-04-29,545
1,BEVERAGES,2023-04-30,280
1,BEVERAGES,2023-05-01,454
1,BEVERAGES,2023-05-02,666
1,BEVERAGES,2023-05-03,543
1,BEVERAGES,2023-05-04,374
1,BEVERAGES,2023-05-05,643
1,BEVERAGES,2023-05-06,134
1,BEVERAGES,2023-05-07,118
1,BEVERAGES,2023-05-08,110
1,BEVERAGES,2023-05-09,496
1,BEVERAGES,2023-05-10,980
1,BEVERAGES,2023-05-11,478
1,BEVERAGES,2023-05-12,537
1,BEVERAGES,2023-05-13,426
1,BEVERAGES,2023-05-14,204
1,BEVERAGES,2023-05-15,501
1,BEVERAGES,2023-05-16,250
1,BEVERAGES,2023-05-17,634
1,BEVERAGES,2023-05-18,230
1,BEVERAGES,2023-05-19,290
1,BEVERAGES,2023-05-20,373
1,BEVERAGES,2023-05-21,131
1,BEVERAGES,2023-05-22,424
1,BEVERAGES,2023-05-23,592
1,BEVERAGES,2023-05-24,592
1,BEVERAGES,2023-05-25,822
1,BEVERAGES,2023-05-26,40
1,BEVERAGES,2023-05-27,306
1,BEVERAGES,2023-05-28,142
1,BEVERAGES,2023-05-29,656
1,BEVERAGES,2023-05-30,784
1,BEVERAGES,2023-05-31,723
1,BEVERAGES,2023-06-01,818
1,BEVERAGES,2023-06-02,176
1,BEVERAGES,2023-06-03,573
1,BEVERAGES,2023-06-04,831
1,BEVERAGES,2023-06-05,720
1,BEVERAGES,2023-06-06,626
1,BEVERAGES,2023-06-07,66
1,BEVERAGES,2023-06-08,91
1,BEVERAGES,2023-06-09,816
1,BEVERAGES,2023-06-10,405
1,BEVERAGES,2023-06-11,371
1,BEVERAGES,2023-06-12,989
1,BEVERAGES,2023-06-13,997
1,BEVERAGES,2023-06-14,752
1,BEVERAGES,2023-06-15,359
1,BEVERAGES,2023-06-16,261
1,BEVERAGES,2023-06-17,333
1,BEVERAGES,2023-06-18,706
1,BEVERAGES,2023-06-19,180
1,BEVERAGES,2023-06-20,358
1,BEVERAGES,2023-06-21,485
1,BEVERAGES,2023-06-22,65
1,BEVERAGES,2023-06-23,65
1,BEVERAGES,2023-06-24,816
1,BEVERAGES,2023-06-25,473
1,BEVERAGES,2023-06-26,191
1,BEVERAGES,2023-06-27,64
1,BEVERAGES,2023-06-28,702
1,BEVERAGES,2023-06-29,962
1,BEVERAGES,2023-06-30,755
1,BEVERAGES,2023-07-01,337
1,BEVERAGES,2023-07-02,184
1,BEVERAGES,2023-07-03,560
1,BEVERAGES,2023-07-04,742
1,BEVERAGES,2023-07-05,566
1,BEVERAGES,2023-07-06,548
1,BEVERAGES,2023-07-07,165
1,BEVERAGES,2023-07-08,249
1,BEVERAGES,2023-07-09,595
1,BEVERAGES,2023-07-10,640
1,BEVERAGES,2023-07-11,753
1,BEVERAGES,2023-07-12,782
1,BEVERAGES,2023-07-13,512
1,BEVERAGES,2023-07-14,598
1,BEVERAGES,2023-07-15,465
1,BEVERAGES,2023-07-16,749
1,BEVERAGES,2023-07-17,841
1,BEVERAGES,2023-07-18,288
1,BEVERAGES,2023-07-19,194
1,BEVERAGES,2023-07-20,375
1,BEVERAGES,2023-07-21,61
1,BEVERAGES,2023-07-22,838
1,BEVERAGES,2023-07-23,855
1,BEVERAGES,2023-07-24,490
1,BEVERAGES,2023-07-25,348
1,BEVERAGES,2023-07-26,859
1,BEVERAGES,2023-07-27,946
1,BEVERAGES,2023-07-28,409
1,BEVERAGES,2023-07-29,719
1,BEVERAGES,2023-07-30,974
1,BEVERAGES,2023-07-31,382
1,BEVERAGES,2023-08-01,848
1,BEVERAGES,2023-08-02,280
1,BEVERAGES,2023-08-03,710
1,BEVERAGES,2023-08-04,86
1,BEVERAGES,2023-08-05,172
1,BEVERAGES,2023-08-06,977
1,BEVERAGES,2023-08-07,325
1,BEVERAGES,2023-08-08,673
1,BEVERAGES,2023-08-09,411
1,BEVERAGES,2023-08-10,631
1,BEVERAGES,2023-08-11,360
1,BEVERAGES,2023-08-12,782
1,BEVERAGES,2023-08-13,130
1,BEVERAGES,2023-08-14,653
1,BEVERAGES,2023-08-15,256
1,BEVERAGES,2023-08-16,650
1,BEVERAGES,2023-08-17,859
1,BEVERAGES,2023-08-18,940
1,BEVERAGES,2023-08-19,223
1,BEVERAGES,2023-08-20,843
1,BEVERAGES,2023-08-21,268
1,BEVERAGES,2023-08-22,456
1,BEVERAGES,2023-08-23,578
1,BEVERAGES,2023-08-24,951
1,BEVERAGES,2023-08-25,136
1,BEVERAGES,2023-08-26,473
1,BEVERAGES,2023-08-27,683
1,BEVERAGES,2023-08-28,923
1,BEVERAGES,2023-08-29,748
1,BEVERAGES,2023-08-30,456
1,BEVERAGES,2023-08-31,895
1,BEVERAGES,2023-09-01,317
1,BEVERAGES,2023-09-02,992
1,BEVERAGES,2023-09-03,562
1,BEVERAGES,2023-09-04,279
1,BEVERAGES,2023-09-05,75
1,BEVERAGES,2023-09-06,206
1,BEVERAGES,2023-09-07,486
1,BEVERAGES,2023-09-08,638
1,BEVERAGES,2023-09-09,765
1,BEVERAGES,2023-09-10,649
1,BEVERAGES,2023-09-11,505
1,BEVERAGES,2023-09-12,801
1,BEVERAGES,2023-09-13,759
1,BEVERAGES,2023-09-14,270
1,BEVERAGES,2023-09-15,792
1,BEVERAGES,2023-09-16,235
1,BEVERAGES,2023-09-17,115
1,BEVERAGES,2023-09-18,68
1,BEVERAGES,2023-09-19,582
1,BEVERAGES,2023-09-20,626
1,BEVERAGES,2023-09-21,0
1,BEVERAGES,2023-09-22,634
1,BEVERAGES,2023-09-23,114
1,BEVERAGES,2023-09-24,733
1,BEVERAGES,2023-09-25,652
1,BEVERAGES,2023-09-26,459
1,BEVERAGES,2023-09-27,433
1,BEVERAGES,2023-09-28,555
1,BEVERAGES,2023-09-29,213
1,BEVERAGES,2023-09-30,673
1,BEVERAGES,2023-10-01,184
1,BEVERAGES,2023-10-02,594
1,BEVERAGES,2023-10-03,239
1,BEVERAGES,2023-10-04,561
1,BEVERAGES,2023-10-05,173
1,BEVERAGES,2023-10-06,402
1,BEVERAGES,2023-10-07,828
1,BEVERAGES,2023-10-08,990
1,BEVERAGES,2023-10-09,324
1,BEVERAGES,2023-10-10,557
1,BEVERAGES,2023-10-11,453
1,BEVERAGES,2023-10-12,169
1,BEVERAGES,2023-10-13,102
1,BEVERAGES,2023-10-14,24
1,BEVERAGES,2023-10-15,398
1,BEVERAGES,2023-10-16,194
1,BEVERAGES,2023-10-17,252
1,BEVERAGES,2023-10-18,35
1,BEVERAGES,2023-10-19,822
1,BEVERAGES,2023-10-20,594
1,BEVERAGES,2023-10-21,943
1,BEVERAGES,2023-10-22,221
1,BEVERAGES,2023-10-23,993
1,BEVERAGES,2023-10-24,66
1,BEVERAGES,2023-10-25,746
1,BEVERAGES,2023-10-26,108
1,BEVERAGES,2023-10-27,429
1,BEVERAGES,2023-10-28,462
1,BEVERAGES,2023-10-29,971
1,BEVERAGES,2023-10-30,616
1,BEVERAGES,2023-10-31,677
1,BEVERAGES,2023-11-01,137
1,BEVERAGES,2023-11-02,24
1,BEVERAGES,2023-11-03,47
1,BEVERAGES,2023-11-04,759
1,BEVERAGES,2023-11-05,111
1,BEVERAGES,2023-11-06,949
1,BEVERAGES,2023-11-07,2
1,BEVERAGES,2023-11-08,346
1,BEVERAGES,2023-11-09,626
1,BEVERAGES,2023-11-10,158
1,BEVERAGES,2023-11-11,540
1,BEVERAGES,2023-11-12,884
1,BEVERAGES,2023-11-13,286
1,BEVERAGES,2023-11-14,265
1,BEVERAGES,2023-11-15,993
1,BEVERAGES,2023-11-16,664
1,BEVERAGES,2023-11-17,906
1,BEVERAGES,2023-11-18,770
1,BEVERAGES,2023-11-19,521
1,BEVERAGES,2023-11-20,786
1,BEVERAGES,2023-11-21,149
1,BEVERAGES,2023-11-22,618
1,BEVERAGES,2023-11-23,132
1,BEVERAGES,2023-11-24,883
1,BEVERAGES,2023-11-25,436
1,BEVERAGES,2023-11-26,540
1,BEVERAGES,2023-11-27,158
1,BEVERAGES,2023-11-28,546
1,BEVERAGES,2023-11-29,2
1,BEVERAGES,2023-11-30,912
1,BEVERAGES,2023-12-01,853
1,BEVERAGES,2023-12-02,255
1,BEVERAGES,2023-12-03,809
1,BEVERAGES,2023-12-04,376
1,BEVERAGES,2023-12-05,118
1,BEVERAGES,2023-12-06,395
1,BEVERAGES,2023-12-07,257
1,BEVERAGES,2023-12-08,278
1,BEVERAGES,2023-12-09,582
1,BEVERAGES,2023-12-10,269
1,BEVERAGES,2023-12-11,134
1,BEVERAGES,2023-12-12,555
1,BEVERAGES,2023-12-13,612
1,BEVERAGES,2023-12-14,178
1,BEVERAGES,2023-12-15,826
1,BEVERAGES,2023-12-16,536
1,BEVERAGES,2023-12-17,717
1,BEVERAGES,2023-12-18,442
1,BEVERAGES,2023-12-19,972
1,BEVERAGES,2023-12-20,678
1,BEVERAGES,2023-12-21,812
1,BEVERAGES,2023-12-22,341
1,BEVERAGES,2023-12-23,633
1,BEVERAGES,2023-12-24,956
1,BEVERAGES,2023-12-25,734
1,BEVERAGES,2023-12-26,435
1,BEVERAGES,2023-12-27,454
1,BEVERAGES,2023-12-28,541
1,BEVERAGES,2023-12-29,886
1,BEVERAGES,2023-12-30,896
1,BEVERAGES,2023-12-31,275
1,BEVERAGES,2024-01-01,115
1,BEVERAGES,2024-01-02,995
1,BEVERAGES,2024-01-03,612
1,BEVERAGES,2024-01-04,938
1,BEVERAGES,2024-01-05,599
1,BEVERAGES,2024-01-06,399
1,BEVERAGES,2024-01-07,964
1,BEVERAGES,2024-01-08,64
1,BEVERAGES,2024-01-09,328
1,BEVERAGES,2024-01-10,645
1,BEVERAGES,2024-01-11,395
1,BEVERAGES,2024-01-12,999
1,BEVERAGES,2024-01-13,757
1,BEVERAGES,2024-01-14,474
1,BEVERAGES,2024-01-15,229
1,BEVERAGES,2024-01-16,794
1,BEVERAGES,2024-01-17,118
1,BEVERAGES,2024-01-18,654
1,BEVERAGES,2024-01-19,812
1,BEVERAGES,2024-01-20,439
1,BEVERAGES,2024-01-21,312
1,BEVERAGES,2024-01-22,600
1,BEVERAGES,2024-01-23,461
1,BEVERAGES,2024-01-24,971
1,BEVERAGES,2024-01-25,290
1,BEVERAGES,2024-01-26,456
1,BEVERAGES,2024-01-27,481
1,BEVERAGES,2024-01-28,604
1,BEVERAGES,2024-01-29,155
1,BEVERAGES,2024-01-30,620
1,BEVERAGES,2024-01-31,827
1,BEVERAGES,2024-02-01,236
1,BEVERAGES,2024-02-02,810
1,BEVERAGES,2024-02-03,429
1,BEVERAGES,2024-02-04,352
2,GROCERY,2023-01-01,789
2,GROCERY,2023-01-02,75
2,GROCERY,2023-01-03,23
2,GROCERY,2023-01-04,612
2,GROCERY,2023-01-05,576
2,GROCERY,2023-01-06,262
2,GROCERY,2023-01-07,666
2,GROCERY,2023-01-08,302
2,GROCERY,2023-01-09,376
2,GROCERY,2023-01-10,581
2,GROCERY,2023-01-11,61
2,GROCERY,2023-01-12,324
2,GROCERY,2023-01-13,201
2,GROCERY,2023-01-14,556
2,GROCERY,2023-01-15,861
2,GROCERY,2023-01-16,8
2,GROCERY,2023-01-17,800
2,GROCERY,2023-01-18,458
2,GROCERY,2023-01-19,327
2,GROCERY,2023-01-20,910
2,GROCERY,2023-01-21,536
2,GROCERY,2023-01-22,187
2,GROCERY,2023-01-23,320
2,GROCERY,2023-01-24,170
2,GROCERY,2023-01-25,293
2,GROCERY,2023-01-26,260
2,GROCERY,2023-01-27,679
2,GROCERY,2023-01-28,832
2,GROCERY,2023-01-29,410
2,GROCERY,2023-01-30,119
2,GROCERY,2023-01-31,389
2,GROCERY,2023-02-01,677
2,GROCERY,2023-02-02,987
2,GROCERY,2023-02-03,886
2,GROCERY,2023-02-04,596
2,GROCERY,2023-02-05,280
2,GROCERY,2023-02-06,392
2,GROCERY,2023-02-07,6
2,GROCERY,2023-02-08,954
2,GROCERY,2023-02-09,835
2,GROCERY,2023-02-10,696
2,GROCERY,2023-02-11,260
2,GROCERY,2023-02-12,33
2,GROCERY,2023-02-13,572
2,GROCERY,2023-02-14,894
2,GROCERY,2023-02-15,395
2,GROCERY,2023-02-16,616
2,GROCERY,2023-02-17,308
2,GROCERY,2023-02-18,219
2,GROCERY,2023-02-19,672
2,GROCERY,2023-02-20,649
2,GROCERY,2023-02-21,389
2,GROCERY,2023-02-22,146
2,GROCERY,2023-02-23,198
2,GROCERY,2023-02-24,684
2,GROCERY,2023-02-25,712
2,GROCERY,2023-02-26,711
2,GROCERY,2023-02-27,725
2,GROCERY,2023-02-28,941
2,GROCERY,2023-03-01,572
2,GROCERY,2023-03-02,247
2,GROCERY,2023-03-03,873
2,GROCERY,2023-03-04,769
2,GROCERY,2023-03-05,202
2,GROCERY,2023-03-06,456
2,GROCERY,2023-03-07,586
2,GROCERY,2023-03-08,902
2,GROCERY,2023-03-09,72
2,GROCERY,2023-03-10,328
2,GROCERY,2023-03-11,318
2,GROCERY,2023-03-12,169
2,GROCERY,2023-03-13,98
2,GROCERY,2023-03-14,698
2,GROCERY,2023-03-15,798
2,GROCERY,2023-03-16,415
2,GROCERY,2023-03-17,168
2,GROCERY,2023-03-18,444
2,GROCERY,2023-03-19,926
2,GROCERY,2023-03-20,716
2,GROCERY,2023-03-21,862
2,GROCERY,2023-03-22,778
2,GROCERY,2023-03-23,55
2,GROCERY,2023-03-24,570
2,GROCERY,2023-03-25,261
2,GROCERY,2023-03-26,230
2,GROCERY,2023-03-27,389
2,GROCERY,2023-03-28,351
2,GROCERY,2023-03-29,816
2,GROCERY,2023-03-30,651
2,GROCERY,2023-03-31,102
2,GROCERY,2023-04-01,399
2,GROCERY,2023-04-02,523
2,GROCERY,2023-04-03,537
2,GROCERY,2023-04-04,170
2,GROCERY,2023-04-05,333
2,GROCERY,2023-04-06,22
2,GROCERY,2023-04-07,837
2,GROCERY,2023-04-08,868
2,GROCERY,2023-04-09,869
2,GROCERY,2023-04-10,571
2,GROCERY,2023-04-11,172
2,GROCERY,2023-04-12,287
2,GROCERY,2023-04-13,682
2,GROCERY,2023-04-14,489
2,GROCERY,2023-04-15,777
2,GROCERY,2023-04-16,638
2,GROCERY,2023-04-17,811
2,GROCERY,2023-04-18,484
2,GROCERY,2023-04-19,703
2,GROCERY,2023-04-20,850
2,GROCERY,2023-04-21,555
2,GROCERY,2023-04-22,283
2,GROCERY,2023-04-23,470
2,GROCERY,2023-04-24,369
2,GROCERY,2023-04-25,724
2,GROCERY,2023-04-26,212
2,GROCERY,2023-04-27,851
2,GROCERY,2023-04-28,280
2,GROCERY,2023-04-29,966
2,GROCERY,2023-04-30,555
2,GROCERY,2023-05-01,165
2,GROCERY,2023-05-02,246
2,GROCERY,2023-05-03,815
2,GROCERY,2023-05-04,355
2,GROCERY,2023-05-05,412
2,GROCERY,2023-05-06,436
2,GROCERY,2023-05-07,222
2,GROCERY,2023-05-08,846
2,GROCERY,2023-05-09,890
2,GROCERY,2023-05-10,915
2,GROCERY,2023-05-11,850
2,GROCERY,2023-05-12,103
2,GROCERY,2023-05-13,286
2,GROCERY,2023-05-14,139
2,GROCERY,2023-05-15,435
2,GROCERY,2023-05-16,962
2,GROCERY,2023-05-17,458
2,GROCERY,2023-05-18,100
2,GROCERY,2023-05-19,355
2,GROCERY,2023-05-20,72
2,GROCERY,2023-05-21,147
2,GROCERY,2023-05-22,365
2,GROCERY,2023-05-23,579
2,GROCERY,2023-05-24,329
2,GROCERY,2023-05-25,613
2,GROCERY,2023-05-26,253
2,GROCERY,2023-05-27,556
2,GROCERY,2023-05-28,137
2,GROCERY,2023-05-29,879
2,GROCERY,2023-05-30,694
2,GROCERY,2023-05-31,89
2,GROCERY,2023-06-01,544
2,GROCERY,2023-06-02,421
2,GROCERY,2023-06-03,187
2,GROCERY,2023-06-04,919
2,GROCERY,2023-06-05,636
2,GROCERY,2023-06-06,149
2,GROCERY,2023-06-07,969
2,GROCERY,2023-06-08,143
2,GROCERY,2023-06-09,386
2,GROCERY,2023-06-10,716
2,GROCERY,2023-06-11,570
2,GROCERY,2023-06-12,67
2,GROCERY,2023-06-13,69
2,GROCERY,2023-06-14,911
2,GROCERY,2023-06-15,793
2,GROCERY,2023-06-16,458
2,GROCERY,2023-06-17,429
2,GROCERY,2023-06-18,625
2,GROCERY,2023-06-19,685
2,GROCERY,2023-06-20,851
2,GROCERY,2023-06-21,636
2,GROCERY,2023-06-22,605
2,GROCERY,2023-06-23,558
2,GROCERY,2023-06-24,162
2,GROCERY,2023-06-25,644
2,GROCERY,2023-06-26,105
2,GROCERY,2023-06-27,809
2,GROCERY,2023-06-28,411
2,GROCERY,2023-06-29,633
2,GROCERY,2023-06-30,981
2,GROCERY,2023-07-01,758
2,GROCERY,2023-07-02,968
2,GROCERY,2023-07-03,224
2,GROCERY,2023-07-04,219
2,GROCERY,2023-07-05,683
2,GROCERY,2023-07-06,214
2,GROCERY,2023-07-07,732
2,GROCERY,2023-07-08,498
2,GROCERY,2023-07-09,160
2,GROCERY,2023-07-10,88
2,GROCERY,2023-07-11,711
2,GROCERY,2023-07-12,830
2,GROCERY,2023-07-13,454
2,GROCERY,2023-07-14,552
2,GROCERY,2023-07-15,803
2,GROCERY,2023-07-16,400
2,GROCERY,2023-07-17,846
2,GROCERY,2023-07-18,34
2,GROCERY,2023-07-19,23
2,GROCERY,2023-07-20,858
2,GROCERY,2023-07-21,29
2,GROCERY,2023-07-22,776
2,GROCERY,2023-07-23,923
2,GROCERY,2023-07-24,233
2,GROCERY,2023-07-25,38
2,GROCERY,2023-07-26,937
2,GROCERY,2023-07-27,768
2,GROCERY,2023-07-28,337
2,GROCERY,2023-07-29,779
2,GROCERY,2023-07-30,854
2,GROCERY,2023-07-31,618
2,GROCERY,2023-08-01,497
2,GROCERY,2023-08-02,707
2,GROCERY,2023-08-03,244
2,GROCERY,2023-08-04,759
2,GROCERY,2023-08-05,580
2,GROCERY,2023-08-06,886
2,GROCERY,2023-08-07,853
2,GROCERY,2023-08-08,593
2,GROCERY,2023-08-09,378
2,GROCERY,2023-08-10,33
2,GROCERY,2023-08-11,774
2,GROCERY,2023-08-12,861
2,GROCERY,2023-08-13,924
2,GROCERY,2023-08-14,25
2,GROCERY,2023-08-15,867
2,GROCERY,2023-08-16,453
2,GROCERY,2023-08-17,901
2,GROCERY,2023-08-18,168
2,GROCERY,2023-08-19,292
2,GROCERY,2023-08-20,850
2,GROCERY,2023-08-21,321
2,GROCERY,2023-08-22,930
2,GROCERY,2023-08-23,894
2,GROCERY,2023-08-24,42
2,GROCERY,2023-08-25,267
2,GROCERY,2023-08-26,991
2,GROCERY,2023-08-27,998
2,GROCERY,2023-08-28,364
2,GROCERY,2023-08-29,10
2,GROCERY,2023-08-30,328
2,GROCERY,2023-08-31,31
2,GROCERY,2023-09-01,900
2,GROCERY,2023-09-02,594
2,GROCERY,2023-09-03,467
2,GROCERY,2023-09-04,290
2,GROCERY,2023-09-05,776
2,GROCERY,2023-09-06,357
2,GROCERY,2023-09-07,631
2,GROCERY,2023-09-08,360
2,GROCERY,2023-09-09,379
2,GROCERY,2023-09-10,719
2,GROCERY,2023-09-11,250
2,GROCERY,2023-09-12,144
2,GROCERY,2023-09-13,84
2,GROCERY,2023-09-14,832
2,GROCERY,2023-09-15,898
2,GROCERY,2023-09-16,415
2,GROCERY,2023-09-17,852
2,GROCERY,2023-09-18,8
2,GROCERY,2023-09-19,245
2,GROCERY,2023-09-20,72
2,GROCERY,2023-09-21,461
2,GROCERY,2023-09-22,786
2,GROCERY,2023-09-23,336
2,GROCERY,2023-09-24,845
2,GROCERY,2023-09-25,541
2,GROCERY,2023-09-26,353
2,GROCERY,2023-09-27,505
2,GROCERY,2023-09-28,708
2,GROCERY,2023-09-29,247
2,GROCERY,2023-09-30,832
2,GROCERY,2023-10-01,148
2,GROCERY,2023-10-02,26
2,GROCERY,2023-10-03,711
2,GROCERY,2023-10-04,510
2,GROCERY,2023-10-05,194
2,GROCERY,2023-10-06,428
2,GROCERY,2023-10-07,424
2,GROCERY,2023-10-08,331
2,GROCERY,2023-10-09,830
2,GROCERY,2023-10-10,847
2,GROCERY,2023-10-11,836
2,GROCERY,2023-10-12,447
2,GROCERY,2023-10-13,532
2,GROCERY,2023-10-14,209
2,GROCERY,2023-10-15,43
2,GROCERY,2023-10-16,911
2,GROCERY,2023-10-17,459
2,GROCERY,2023-10-18,967
2,GROCERY,2023-10-19,61
2,GROCERY,2023-10-20,224
2,GROCERY,2023-10-21,138
2,GROCERY,2023-10-22,343
2,GROCERY,2023-10-23,503
2,GROCERY,2023-10-24,328
2,GROCERY,2023-10-25,860
2,GROCERY,2023-10-26,942
2,GROCERY,2023-10-27,168
2,GROCERY,2023-10-28,226
2,GROCERY,2023-10-29,166
2,GROCERY,2023-10-30,104
2,GROCERY,2023-10-31,864
2,GROCERY,2023-11-01,180
2,GROCERY,2023-11-02,324
2,GROCERY,2023-11-03,788
2,GROCERY,2023-11-04,633
2,GROCERY,2023-11-05,137
2,GROCERY,2023-11-06,558
2,GROCERY,2023-11-07,915
2,GROCERY,2023-11-08,152
2,GROCERY,2023-11-09,788
2,GROCERY,2023-11-10,103
2,GROCERY,2023-11-11,607
2,GROCERY,2023-11-12,619
2,GROCERY,2023-11-13,896
2,GROCERY,2023-11-14,460
2,GROCERY,2023-11-15,504
2,GROCERY,2023-11-16,106
2,GROCERY,2023-11-17,349
2,GROCERY,2023-11-18,549
2,GROCERY,2023-11-19,263
2,GROCERY,2023-11-20,484
2,GROCERY,2023-11-21,217
2,GROCERY,2023-11-22,701
2,GROCERY,2023-11-23,243
2,GROCERY,2023-11-24,321
2,GROCERY,2023-11-25,179
2,GROCERY,2023-11-26,253
2,GROCERY,2023-11-27,940
2,GROCERY,2023-11-28,498
2,GROCERY,2023-11-29,233
2,GROCERY,2023-11-30,617
2,GROCERY,2023-12-01,921
2,GROCERY,2023-12-02,724
2,GROCERY,2023-12-03,280
2,GROCERY,2023-12-04,664
2,GROCERY,2023-12-05,450
2,GROCERY,2023-12-06,67
2,GROCERY,2023-12-07,51
2,GROCERY,2023-12-08,254
2,GROCERY,2023-12-09,26
2,GROCERY,2023-12-10,457
2,GROCERY,2023-12-11,175
2,GROCERY,2023-12-12,287
2,GROCERY,2023-12-13,439
2,GROCERY,2023-12-14,609
2,GROCERY,2023-12-15,269
2,GROCERY,2023-12-16,646
2,GROCERY,2023-12-17,103
2,GROCERY,2023-12-18,194
2,GROCERY,2023-12-19,436
2,GROCERY,2023-12-20,21
2,GROCERY,2023-12-21,18
2,GROCERY,2023-12-22,499
2,GROCERY,2023-12-23,334
2,GROCERY,2023-12-24,544
2,GROCERY,2023-12-25,191
2,GROCERY,2023-12-26,202
2,GROCERY,2023-12-27,180
2,GROCERY,2023-12-28,141
2,GROCERY,2023-12-29,309
2,GROCERY,2023-12-30,265
2,GROCERY,2023-12-31,779
2,GROCERY,2024-01-01,371
2,GROCERY,2024-01-02,660
2,GROCERY,2024-01-03,982
2,GROCERY,2024-01-04,955
2,GROCERY,2024-01-05,857
2,GROCERY,2024-01-06,73
2,GROCERY,2024-01-07,529
2,GROCERY,2024-01-08,10
2,GROCERY,2024-01-09,805
2,GROCERY,2024-01-10,232
2,GROCERY,2024-01-11,345
2,GROCERY,2024-01-12,355
2,GROCERY,2024-01-13,576
2,GROCERY,2024-01-14,17
2,GROCERY,2024-01-15,983
2,GROCERY,2024-01-16,456
2,GROCERY,2024-01-17,830
2,GROCERY,2024-01-18,91
2,GROCERY,2024-01-19,539
2,GROCERY,2024-01-20,171
2,GROCERY,2024-01-21,372
2,GROCERY,2024-01-22,105
2,GROCERY,2024-01-23,845
2,GROCERY,2024-01-24,393
2,GROCERY,2024-01-25,977
2,GROCERY,2024-01-26,594
2,GROCERY,2024-01-27,334
2,GROCERY,2024-01-28,324
2,GROCERY,2024-01-29,204
2,GROCERY,2024-01-30,534
2,GROCERY,2024-01-31,410
2,GROCERY,2024-02-01,642
2,GROCERY,2024-02-02,704
2,GROCERY,2024-02-03,169
2,GROCERY,2024-02-04,48
2,BEVERAGES,2023-01-01,338
2,BEVERAGES,2023-01-02,541
2,BEVERAGES,2023-01-03,401
2,BEVERAGES,2023-01-04,959
2,BEVERAGES,2023-01-05,526
2,BEVERAGES,2023-01-06,595
2,BEVERAGES,2023-01-07,148
2,BEVERAGES,2023-01-08,679
2,BEVERAGES,2023-01-09,213
2,BEVERAGES,2023-01-10,564
2,BEVERAGES,2023-01-11,886
2,BEVERAGES,2023-01-12,507
2,BEVERAGES,2023-01-13,945
2,BEVERAGES,2023-01-14,8
2,BEVERAGES,2023-01-15,724
2,BEVERAGES,2023-01-16,195
2,BEVERAGES,2023-01-17,164
2,BEVERAGES,2023-01-18,247
2,BEVERAGES,2023-01-19,416
2,BEVERAGES,2023-01-20,779
2,BEVERAGES,2023-01-21,231
2,BEVERAGES,2023-01-22,440
2,BEVERAGES,2023-01-23,293
2,BEVERAGES,2023-01-24,748
2,BEVERAGES,2023-01-25,639
2,BEVERAGES,2023-01-26,579
2,BEVERAGES,2023-01-27,8
2,BEVERAGES,2023-01-28,809
2,BEVERAGES,2023-01-29,618
2,BEVERAGES,2023-01-30,389
2,BEVERAGES,2023-01-31,892
2,BEVERAGES,2023-02-01,209
2,BEVERAGES,2023-02-02,702
2,BEVERAGES,2023-02-03,168
2,BEVERAGES,2023-02-04,846
2,BEVERAGES,2023-02-05,141
2,BEVERAGES,2023-02-06,818
2,BEVERAGES,2023-02-07,201
2,BEVERAGES,2023-02-08,43
2,BEVERAGES,2023-02-09,640
2,BEVERAGES,2023-02-10,102
2,BEVERAGES,2023-02-11,320
2,BEVERAGES,2023-02-12,93
2,BEVERAGES,2023-02-13,281
2,BEVERAGES,2023-02-14,102
2,BEVERAGES,2023-02-15,61
2,BEVERAGES,2023-02-16,198
2,BEVERAGES,2023-02-17,344
2,BEVERAGES,2023-02-18,466
2,BEVERAGES,2023-02-19,184
2,BEVERAGES,2023-02-20,270
2,BEVERAGES,2023-02-21,607
2,BEVERAGES,2023-02-22,617
2,BEVERAGES,2023-02-23,11
2,BEVERAGES,2023-02-24,472
2,BEVERAGES,2023-02-25,199
2,BEVERAGES,2023-02-26,512
2,BEVERAGES,2023-02-27,627
2,BEVERAGES,2023-02-28,913
2,BEVERAGES,2023-03-01,201
2,BEVERAGES,2023-03-02,974
2,BEVERAGES,2023-03-03,393
2,BEVERAGES,2023-03-04,577
2,BEVERAGES,2023-03-05,617
2,BEVERAGES,2023-03-06,547
2,BEVERAGES,2023-03-07,663
2,BEVERAGES,2023-03-08,834
2,BEVERAGES,2023-03-09,502
2,BEVERAGES,2023-03-10,484
2,BEVERAGES,2023-03-11,394
2,BEVERAGES,2023-03-12,695
2,BEVERAGES,2023-03-13,677
2,BEVERAGES,2023-03-14,524
2,BEVERAGES,2023-03-15,562
2,BEVERAGES,2023-03-16,949
2,BEVERAGES,2023-03-17,762
2,BEVERAGES,2023-03-18,17
2,BEVERAGES,2023-03-19,91
2,BEVERAGES,2023-03-20,460
2,BEVERAGES,2023-03-21,614
2,BEVERAGES,2023-03-22,34
2,BEVERAGES,2023-03-23,259
2,BEVERAGES,2023-03-24,721
2,BEVERAGES,2023-03-25,880
2,BEVERAGES,2023-03-26,821
2,BEVERAGES,2023-03-27,194
2,BEVERAGES,2023-03-28,688
2,BEVERAGES,2023-03-29,150
2,BEVERAGES,2023-03-30,283
2,BEVERAGES,2023-03-31,44
2,BEVERAGES,2023-04-01,122
2,BEVERAGES,2023-04-02,910
2,BEVERAGES,2023-04-03,919
2,BEVERAGES,2023-04-04,232
2,BEVERAGES,2023-04-05,831
2,BEVERAGES,2023-04-06,677
2,BEVERAGES,2023-04-07,11
2,BEVERAGES,2023-04-08,795
2,BEVERAGES,2023-04-09,769
2,BEVERAGES,2023-04-10,965
2,BEVERAGES,2023-04-11,99
2,BEVERAGES,2023-04-12,361
2,BEVERAGES,2023-04-13,857
2,BEVERAGES,2023-04-14,184
2,BEVERAGES,2023-04-15,615
2,BEVERAGES,2023-04-16,515
2,BEVERAGES,2023-04-17,773
2,BEVERAGES,2023-04-18,113
2,BEVERAGES,2023-04-19,100
2,BEVERAGES,2023-04-20,436
2,BEVERAGES,2023-04-21,3
2,BEVERAGES,2023-04-22,552
2,BEVERAGES,2023-04-23,834
2,BEVERAGES,2023-04-24,940
2,BEVERAGES,2023-04-25,954
2,BEVERAGES,2023-04-26,64
2,BEVERAGES,2023-04-27,606
2,BEVERAGES,2023-04-28,912
2,BEVERAGES,2023-04-29,57
2,BEVERAGES,2023-04-30,950
2,BEVERAGES,2023-05-01,24
2,BEVERAGES,2023-05-02,723
2,BEVERAGES,2023-05-03,899
2,BEVERAGES,2023-05-04,685
2,BEVERAGES,2023-05-05,79
2,BEVERAGES,2023-05-06,720
2,BEVERAGES,2023-05-07,614
2,BEVERAGES,2023-05-08,316
2,BEVERAGES,2023-05-09,137
2,BEVERAGES,2023-05-10,882
2,BEVERAGES,2023-05-11,219
2,BEVERAGES,2023-05-12,832
2,BEVERAGES,2023-05-13,190
2,BEVERAGES,2023-05-14,434
2,BEVERAGES,2023-05-15,862
2,BEVERAGES,2023-05-16,544
2,BEVERAGES,2023-05-17,420
2,BEVERAGES,2023-05-18,849
2,BEVERAGES,2023-05-19,213
2,BEVERAGES,2023-05-20,476
2,BEVERAGES,2023-05-21,963
2,BEVERAGES,2023-05-22,452
2,BEVERAGES,2023-05-23,70
2,BEVERAGES,2023-05-24,807
2,BEVERAGES,2023-05-25,304
2,BEVERAGES,2023-05-26,375
2,BEVERAGES,2023-05-27,388
2,BEVERAGES,2023-05-28,408
2,BEVERAGES,2023-05-29,239
2,BEVERAGES,2023-05-30,655
2,BEVERAGES,2023-05-31,709
2,BEVERAGES,2023-06-01,247
2,BEVERAGES,2023-06-02,177
2,BEVERAGES,2023-06-03,290
2,BEVERAGES,2023-06-04,2
2,BEVERAGES,2023-06-05,125
2,BEVERAGES,2023-06-06,239
2,BEVERAGES,2023-06-07,511
2,BEVERAGES,2023-06-08,432
2,BEVERAGES,2023-06-09,637
2,BEVERAGES,2023-06-10,983
2,BEVERAGES,2023-06-11,145
2,BEVERAGES,2023-06-12,175
2,BEVERAGES,2023-06-13,946
2,BEVERAGES,2023-06-14,73
2,BEVERAGES,2023-06-15,680
2,BEVERAGES,2023-06-16,640
2,BEVERAGES,2023-06-17,11
2,BEVERAGES,2023-06-18,286
2,BEVERAGES,2023-06-19,389
2,BEVERAGES,2023-06-20,605
2,BEVERAGES,2023-06-21,60
2,BEVERAGES,2023-06-22,833
2,BEVERAGES,2023-06-23,800
2,BEVERAGES,2023-06-24,463
2,BEVERAGES,2023-06-25,986
2,BEVERAGES,2023-06-26,68
2,BEVERAGES,2023-06-27,80
2,BEVERAGES,2023-06-28,749
2,BEVERAGES,2023-06-29,819
2,BEVERAGES,2023-06-30,869
2,BEVERAGES,2023-07-01,522
2,BEVERAGES,2023-07-02,266
2,BEVERAGES,2023-07-03,605
2,BEVERAGES,2023-07-04,965
2,BEVERAGES,2023-07-05,512
2,BEVERAGES,2023-07-06,221
2,BEVERAGES,2023-07-07,944
2,BEVERAGES,2023-07-08,523
2,BEVERAGES,2023-07-09,71
2,BEVERAGES,2023-07-10,256
2,BEVERAGES,2023-07-11,167
2,BEVERAGES,2023-07-12,344
2,BEVERAGES,2023-07-13,363
2,BEVERAGES,2023-07-14,690
2,BEVERAGES,2023-07-15,208
2,BEVERAGES,2023-07-16,191
2,BEVERAGES,2023-07-17,74
2,BEVERAGES,2023-07-18,958
2,BEVERAGES,2023-07-19,218
2,BEVERAGES,2023-07-20,994
2,BEVERAGES,2023-07-21,480
2,BEVERAGES,2023-07-22,970
2,BEVERAGES,2023-07-23,426
2,BEVERAGES,2023-07-24,843
2,BEVERAGES,2023-07-25,608
2,BEVERAGES,2023-07-26,48
2,BEVERAGES,2023-07-27,118
2,BEVERAGES,2023-07-28,427
2,BEVERAGES,2023-07-29,443
2,BEVERAGES,2023-07-30,431
2,BEVERAGES,2023-07-31,824
2,BEVERAGES,2023-08-01,867
2,BEVERAGES,2023-08-02,676
2,BEVERAGES,2023-08-03,295
2,BEVERAGES,2023-08-04,281
2,BEVERAGES,2023-08-05,258
2,BEVERAGES,2023-08-06,514
2,BEVERAGES,2023-08-07,718
2,BEVERAGES,2023-08-08,463
2,BEVERAGES,2023-08-09,473
2,BEVERAGES,2023-08-10,6
2,BEVERAGES,2023-08-11,571
2,BEVERAGES,2023-08-12,235
2,BEVERAGES,2023-08-13,708
2,BEVERAGES,2023-08-14,718
2,BEVERAGES,2023-08-15,767
2,BEVERAGES,2023-08-16,951
2,BEVERAGES,2023-08-17,188
2,BEVERAGES,2023-08-18,950
2,BEVERAGES,2023-08-19,424
2,BEVERAGES,2023-08-20,158
2,BEVERAGES,2023-08-21,659
2,BEVERAGES,2023-08-22,0
2,BEVERAGES,2023-08-23,728
2,BEVERAGES,2023-08-24,27
2,BEVERAGES,2023-08-25,250
2,BEVERAGES,2023-08-26,110
2,BEVERAGES,2023-08-27,608
2,BEVERAGES,2023-08-28,747
2,BEVERAGES,2023-08-29,878
2,BEVERAGES,2023-08-30,345
2,BEVERAGES,2023-08-31,615
2,BEVERAGES,2023-09-01,549
2,BEVERAGES,2023-09-02,341
2,BEVERAGES,2023-09-03,699
2,BEVERAGES,2023-09-04,363
2,BEVERAGES,2023-09-05,2
2,BEVERAGES,2023-09-06,424
2,BEVERAGES,2023-09-07,759
2,BEVERAGES,2023-09-08,183
2,BEVERAGES,2023-09-09,429
2,BEVERAGES,2023-09-10,722
2,BEVERAGES,2023-09-11,663
2,BEVERAGES,2023-09-12,142
2,BEVERAGES,2023-09-13,53
2,BEVERAGES,2023-09-14,727
2,BEVERAGES,2023-09-15,310
2,BEVERAGES,2023-09-16,838
2,BEVERAGES,2023-09-17,707
2,BEVERAGES,2023-09-18,576
2,BEVERAGES,2023-09-19,835
2,BEVERAGES,2023-09-20,519
2,BEVERAGES,2023-09-21,728
2,BEVERAGES,2023-09-22,422
2,BEVERAGES,2023-09-23,438
2,BEVERAGES,2023-09-24,923
2,BEVERAGES,2023-09-25,651
2,BEVERAGES,2023-09-26,591
2,BEVERAGES,2023-09-27,364
2,BEVERAGES,2023-09-28,178
2,BEVERAGES,2023-09-29,186
2,BEVERAGES,2023-09-30,47
2,BEVERAGES,2023-10-01,75
2,BEVERAGES,2023-10-02,690
2,BEVERAGES,2023-10-03,191
2,BEVERAGES,2023-10-04,440
2,BEVERAGES,2023-10-05,742
2,BEVERAGES,2023-10-06,842
2,BEVERAGES,2023-10-07,124
2,BEVERAGES,2023-10-08,772
2,BEVERAGES,2023-10-09,895
2,BEVERAGES,2023-10-10,464
2,BEVERAGES,2023-10-11,75
2,BEVERAGES,2023-10-12,468
2,BEVERAGES,2023-10-13,515
2,BEVERAGES,2023-10-14,249
2,BEVERAGES,2023-10-15,175
2,BEVERAGES,2023-10-16,382
2,BEVERAGES,2023-10-17,968
2,BEVERAGES,2023-10-18,899
2,BEVERAGES,2023-10-19,429
2,BEVERAGES,2023-10-20,181
2,BEVERAGES,2023-10-21,576
2,BEVERAGES,2023-10-22,753
2,BEVERAGES,2023-10-23,459
2,BEVERAGES,2023-10-24,69
2,BEVERAGES,2023-10-25,22
2,BEVERAGES,2023-10-26,238
2,BEVERAGES,2023-10-27,793
2,BEVERAGES,2023-10-28,778
2,BEVERAGES,2023-10-29,129
2,BEVERAGES,2023-10-30,718
2,BEVERAGES,2023-10-31,819
2,BEVERAGES,2023-11-01,110
2,BEVERAGES,2023-11-02,250
2,BEVERAGES,2023-11-03,189
2,BEVERAGES,2023-11-04,220
2,BEVERAGES,2023-11-05,805
2,BEVERAGES,2023-11-06,199
2,BEVERAGES,2023-11-07,785
2,BEVERAGES,2023-11-08,928
2,BEVERAGES,2023-11-09,748
2,BEVERAGES,2023-11-10,567
2,BEVERAGES,2023-11-11,206
2,BEVERAGES,2023-11-12,357
2,BEVERAGES,2023-11-13,662
2,BEVERAGES,2023-11-14,498
2,BEVERAGES,2023-11-15,795
2,BEVERAGES,2023-11-16,585
2,BEVERAGES,2023-11-17,336
2,BEVERAGES,2023-11-18,79
2,BEVERAGES,2023-11-19,694
2,BEVERAGES,2023-11-20,184
2,BEVERAGES,2023-11-21,491
2,BEVERAGES,2023-11-22,210
2,BEVERAGES,2023-11-23,351
2,BEVERAGES,2023-11-24,844
2,BEVERAGES,2023-11-25,546
2,BEVERAGES,2023-11-26,704
2,BEVERAGES,2023-11-27,622
2,BEVERAGES,2023-11-28,146
2,BEVERAGES,2023-11-29,985
2,BEVERAGES,2023-11-30,19
2,BEVERAGES,2023-12-01,383
2,BEVERAGES,2023-12-02,213
2,BEVERAGES,2023-12-03,424
2,BEVERAGES,2023-12-04,379
2,BEVERAGES,2023-12-05,45
2,BEVERAGES,2023-12-06,920
2,BEVERAGES,2023-12-07,16
2,BEVERAGES,2023-12-08,792
2,BEVERAGES,2023-12-09,576
2,BEVERAGES,2023-12-10,185
2,BEVERAGES,2023-12-11,919
2,BEVERAGES,2023-12-12,915
2,BEVERAGES,2023-12-13,266
2,BEVERAGES,2023-12-14,605
2,BEVERAGES,2023-12-15,300
2,BEVERAGES,2023-12-16,175
2,BEVERAGES,2023-12-17,264
2,BEVERAGES,2023-12-18,127
2,BEVERAGES,2023-12-19,672
2,BEVERAGES,2023-12-20,813
2,BEVERAGES,2023-12-21,351
2,BEVERAGES,2023-12-22,808
2,BEVERAGES,2023-12-23,282
2,BEVERAGES,2023-12-24,602
2,BEVERAGES,2023-12-25,688
2,BEVERAGES,2023-12-26,536
2,BEVERAGES,2023-12-27,199
2,BEVERAGES,2023-12-28,306
2,BEVERAGES,2023-12-29,409
2,BEVERAGES,2023-12-30,941
2,BEVERAGES,2023-12-31,78
2,BEVERAGES,2024-01-01,526
2,BEVERAGES,2024-01-02,48
2,BEVERAGES,2024-01-03,307
2,BEVERAGES,2024-01-04,869
2,BEVERAGES,2024-01-05,302
2,BEVERAGES,2024-01-06,193
2,BEVERAGES,2024-01-07,524
2,BEVERAGES,2024-01-08,301
2,BEVERAGES,2024-01-09,76
2,BEVERAGES,2024-01-10,573
2,BEVERAGES,2024-01-11,550
2,BEVERAGES,2024-01-12,456
2,BEVERAGES,2024-01-13,812
2,BEVERAGES,2024-01-14,145
2,BEVERAGES,2024-01-15,228
2,BEVERAGES,2024-01-16,510
2,BEVERAGES,2024-01-17,103
2,BEVERAGES,2024-01-18,631
2,BEVERAGES,2024-01-19,31
2,BEVERAGES,2024-01-20,152
2,BEVERAGES,2024-01-21,241
2,BEVERAGES,2024-01-22,601
2,BEVERAGES,2024-01-23,775
2,BEVERAGES,2024-01-24,914
2,BEVERAGES,2024-01-25,140
2,BEVERAGES,2024-01-26,380
2,BEVERAGES,2024-01-27,829
2,BEVERAGES,2024-01-28,515
2,BEVERAGES,2024-01-29,669
2,BEVERAGES,2024-01-30,903
2,BEVERAGES,2024-01-31,878
2,BEVERAGES,2024-02-01,144
2,BEVERAGES,2024-02-02,797
2,BEVERAGES,2024-02-03,267
2,BEVERAGES,2024-02-04,421
